Receptor,Binding site,Total Length[amino acid]
"OR51E2
(EXP)","104, 158,180, 181, 198, 202, 258, 262",320
OR51E2(AF),"100, 103, 104, 177, 178, 179, 180, 181, 184, 194, 179, 198, 199, 202, 203, 206, 254, 255, 257, 258, 261, 262, 279",320
OR51E2(Hyb),"100, 103, 104, 158, 159, 179, 180, 181, 184, 194, 179, 198, 199, 202, 203, 206, 254, 255, 257, 258, 261, 262, 279",320
"OR51E1
(AF)","107, 110, 111, 158, 161, 182, 183, 184, 201, 204, 205, 209, 256, 259, 260, 263, 281",317
"OR51E1
(Hyb)","108, 111, 159, 162, 183, 184, 185, 188, 199, 202, 203, 205, 206, 210, 257, 260, 261, 264, 282",317
"OR51D1
(AF)","117, 118, 121, 169, 172, 191, 193, 194, 195, 209, 212, 213, 216, 220, 268, 269, 271, 272, 275, 276, 289, 292, 293",324
"OR51D1
(Hyb)","117, 118, 121, 169, 172, 191, 193, 194, 195, 208, 212, 213, 215, 216, 220, 268, 271, 272, 276, 289, 292, 293",324
"OR51G2
(AF)","110, 113, 114, 161, 164, 185, 186,187, 204, 205, 207, 208, 212, 260, 263, 264, 267, 285",314
"OR51G2
(Hyb)","110, 113, 114, 161, 164, 185, 186, 187, 188, 207, 208, 212, 260, 261, 263, 264, 267, 285",313