PDB_ID,#RMSD_overall_otherAF,#PRUNED_RMSD_overall_otherAF,#RMSD_overall_humAF,#PRUNED_RMSD_overall_humAF
8F76,2.238,1.019,2.498,1.035
8HTI,2.008,0.998,1.903,1.071
7F4D,1.698,1.121,1.403,0.922
7F53,3.145,0.949,1.766,0.914
8HDO,3.428,1.016,3.34,1.022
7PIU,2.357,0.96,1.537,0.93
7AUE,2.715,1.126,1.76,1.028
8ZPS,2.454,1.053,2.492,1.059
8F7X,1.835,0.954,3.01,1.033
7LD3,2.374,0.857,2.491,0.903
6D9H,2.594,0.879,2.615,0.871
7X1T,2.078,1.061,2.081,1.067
7WKD,1.959,1.008,3.359,1.057
8EFB,1.539,0.807,1.526),0.808
8F7Q,1.588,0.864,1.56,0.858
8F7W,2.715,1.105,2.727,1.118